{
    "name": "UpToBox",
    "plugin": "plugin.video.vstream",
    "priority": 100,
    "assert": {
        "play_movie": [
            "title",
            "year"
        ],
        "play_episode": [
            "showname",
            "season",
            "episode"
        ]
    },
    "play_movie": [
        "plugin://plugin.video.vstream/?site=siteuptobox&function=showSearch&title=Rechercher+&siteUrl=%2F%2F&sMovieTitle=film&sFav=showSearch",
        {
            "keyboard": "{title}"
        },
        {
            "label": "(?i)^(\\[.*\\])?.*{title}.*(\\[.*\\])?$",
            "dialog": "true"
        },
        {
            "dialog": "true"
        }
    ],
    "play_episode": [
        "plugin://plugin.video.vstream/?site=siteuptobox&function=showSearch&title=Rechercher+&siteUrl=%2F%2F&sMovieTitle=serie&sFav=showSearch",
        {
            "keyboard": "{showname}"
        },
        {
            "title": "(?i)^(\\[.*\\])?{showname}(\\[.*\\])?$"
        },
        {
            "return": "true",
            "season": "^{season}$",
            "episode": "^{episode}$"
        },
        {
            "season": "^{season}$"
        },
        {
            "season": "^{season}$",
            "episode": "^{episode}$"
        }
    ],
    "is_resolvable": "true"
}