{
    "name": "JapAnimes",
    "plugin": "plugin.video.vstream",
    "priority": 100,
    "assert": {
        "play_episode": [
            "showname",
            "season",
            "episode"
        ]
    },
    "play_episode": [
        "plugin://plugin.video.vstream/?site=pastebin&function=showSearch&title=Recherche+&siteUrl=https%3A%2F%2Fpastebin.com%2Fraw%2F%26sMedia%3Danime%26sSearch%3D&sFav=showSearch",
        {
            "keyboard": "{showname}"
        },
        {
            "title": "(?i)^(\\[.*\\])?{showname}(\\[.*\\])?$"
        },
        {
            "return": "true",
            "season": "^{season}$",
            "episode": "^{episode}$"
        },
        {
            "season": "^{season}$"
        },
        {
            "season": "^{season}$",
            "episode": "^{episode}$"
        }
    ]
}