{
    "name": "Pastebin",
    "plugin": "plugin.video.vstream",
    "priority": 100,
	"is_resolvable": "false",
    "assert": {
        "play_movie": [
            "clearname"
        ],
        "play_episode": [
            "clearname",
            "season",
            "episode"
        ],
		"search_episode": [
            "clearname",
            "season",
            "episode"
        ]
    },
    "play_movie": [
        "plugin://plugin.video.vstream/?site=pastebin&function=showSearch&title=Recherche+&siteUrl=https%3A%2F%2Fpastebin.com%2Fraw%2F%26sMedia%3Dfilm%26sSearch%3D&sFav=showSearch",
        {
            "keyboard": "{clearname}"
        },
        {
            "title": "(?i)^(\\[.*\\])?.*{clearname}.*(\\[.*\\])?$",
            "dialog": "true"
        },
        {
            "dialog": "true"
        }
    ],
    "play_episode": [
        "plugin://plugin.video.vstream/?site=pastebin&function=showSearch&title=Recherche+&siteUrl=https%3A%2F%2Fpastebin.com%2Fraw%2F%26sMedia%3Dserie%26sSearch%3D&sFav=showSearch",
        {
            "keyboard": "{clearname}"
        },
        {
            "title": "^{clearname}$|^{clearname} ({year})$|^{clearname} ({showyear})$"
        },
        {
            "return": "true",
            "season": "^{season}$",
            "episode": "^{episode}$"
        },
        {
            "season": "^{season}$"
        },
        {
            "season": "^{season}$",
            "episode": "^{episode}$"
        }
    ],
	"search_episode": [
         "plugin://plugin.video.vstream/?site=pastebin&function=showSearch&title=Recherche+&siteUrl=https%3A%2F%2Fpastebin.com%2Fraw%2F%26sMedia%3Danime%26sSearch%3D&sFav=showSearch",
        {
            "keyboard": "{clearname}"
        },
        {
            "title": "^{clearname}$|^{clearname} ({year})$|^{clearname} ({showyear})$"
        },
        {
            "return": "true",
            "season": "^{season}$",
            "episode": "^{episode}$"
        },
        {
            "season": "^{season}$"
        },
        {
            "season": "^{season}$",
            "episode": "^{episode}$"
        }
    ]
}