{
    "name": "Pastebin",
    "plugin": "plugin.video.vstream",
    "priority": 100,
    "assert": {
        "play_movie": [
            "title",
            "year"
        ],
        "play_episode": [
            "showname",
            "season",
            "episode"
        ]
    },
    "play_movie": [
        "plugin://plugin.video.vstream/?site=pastebin&function=showSearch&title=Recherche+&siteUrl=https%3A%2F%2Fpastebin.com%2Fraw%2F%26sMedia%3Dfilm%26sSearch%3D&sFav=showSearch",
        {
            "keyboard": "{title}"
        },
        {
            "label": "(?i)^(\\[.*\\])?.*{title}.*(\\[.*\\])?$",
            "dialog": "true"
        },
        {
            "dialog": "true"
        }
    ],
    "play_episode": [
        "plugin://plugin.video.vstream/?site=pastebin&function=showSearch&title=Recherche+&siteUrl=https%3A%2F%2Fpastebin.com%2Fraw%2F%26sMedia%3Dserie%26sSearch%3D&sFav=showSearch",
        {
            "keyboard": "{showname}"
        },
        {
            "title": "(?i)^(\\[.*\\])?{showname}(\\[.*\\])?$"
        },
        {
            "return": "true",
            "season": "^{season}$",
            "episode": "^{episode}$"
        },
        {
            "season": "^{season}$"
        },
        {
            "season": "^{season}$",
            "episode": "^{episode}$"
        }
    ],
    "is_resolvable": "true"
}