{
    "name": "UpToBox",
    "plugin": "plugin.video.vstream",
    "priority": 100,
	"is_resolvable": "false",
    "assert": {
        "play_movie": [
            "clearname"
        ],
        "play_episode": [
			"clearname",
            "season",
            "episode"
        ]
    },
    "play_movie": [
        "plugin://plugin.video.vstream/?site=siteuptobox&function=showSearch&title=Rechercher+&siteUrl=%2F%2F&sMovieTitle=film&sFav=showSearch",
        {
            "keyboard": "{name}"
        },
        {
            "title": "(?i)^(\\[.*\\])?.*{clearname}.*(\\[.*\\])?$",
            "dialog": "true"
        },
        {
            "dialog": "true"
        }
    ],
    "play_episode": [
        "plugin://plugin.video.vstream/?site=siteuptobox&function=showSearch&title=Rechercher+&siteUrl=%2F%2F&sMovieTitle=serie&sFav=showSearch",
        {
            "keyboard": "{clearname}"
        },
        {
            "title": "^{clearname}$|^{clearname} ({year})$|^{clearname} ({showyear})$"
        },
        {
            "return": "true",
            "season": "^{season}$",
            "episode": "^{episode}$"
			
        },
        {
			"season": "^{season}$"
        },
        {
			"season": "^{season}$",
            "episode": "^{episode}$"
        }
    ]
}