{
    "name": "vStream",
    "plugin": "plugin.video.vstream",
    "priority": 100,
	"is_resolvable": "false",
    "assert": {
        "play_movie": [
            "clearname"
        ],
        "search_movie": [
            "clearname"
        ],
        "play_episode": [
            "showname",
            "season",
            "episode"
        ]
    },
    "play_movie": [
        "plugin://plugin.video.vstream/?site=cHome&function=showSearchText&title=Rechercher+&sCat=1&sFav=showSearchText",
        {
            "keyboard": "{clearname}"
        },
        {
            "title": "(?i)^(\\[.*\\])?.*{clearname}.*(\\[.*\\])?$",
			"year": "{year}"
        },
		{
			"dialog": "true"
		}
    ],
    "search_movie": [
        "plugin://plugin.video.vstream/?site=cHome&function=showSearchText&title=Rechercher+&sCat=1&sFav=showSearchText",
        {
            "keyboard": "{clearname}"
        }
    ],
	"play_episode": [
        "plugin://plugin.video.vstream/?site=cHome&function=showSearchText&title=Rechercher+&sCat=2&sFav=showSearchText",
        {
            "keyboard": "{clearname}"
        },
        {
            "title": "^{clearname}$|^{clearname} ({year})$|^{clearname} ({showyear})$"
        },
        {
            "return": "true",
            "season": "^{season}$",
            "episode": "^{episode}$"
        },
        {
            "season": "^{season}$"
        },
        {
            "season": "^{season}$",
            "episode": "^{episode}$"
        },
		{
			"dialog": "true"
		}
    ]
}