{
    "name": "vStream",
    "plugin": "plugin.video.vstream",
    "priority": 100,
    "assert": {
        "play_movie": [
            "title",
            "year"
        ],
        "search_movie": [
            "title"
        ]
    },
    "play_movie": [
        "plugin://plugin.video.vstream/?site=cHome&function=showSearchText&title=Rechercher+&sCat=1&sFav=showSearchText",
        {
            "keyboard": "{title}"
        },
        {
            "title": "(?i)^(\\[.*\\])?.*{title}.*(\\[.*\\])?$",
            "year": "{year}"
        }
    ],
    "search_movie": [
        "plugin://plugin.video.vstream/?site=cHome&function=showSearchText&title=Rechercher+&sCat=1&sFav=showSearchText",
        {
            "keyboard": "{title}"
        }
    ]
}