{
    "name": "vStream",
    "plugin": "plugin.video.vstream",
    "priority": 100,
    "assert": {
        "play_movie": [
            "title",
            "year"
        ],
        "play_episode": [
            "showname",
            "season",
            "episode"
        ],
        "search_movie": [
            "title"
        ],
        "search_episode": [
            "showname"
        ]
    },
    "play_movie": [
        "plugin://plugin.video.vstream/?site=cHome&function=showSearchText&title=Rechercher+&sCat=1&sFav=showSearchText",
        {
            "keyboard": "{title}"
        },
        {
            "title": "(?i)^(\\[.*\\])?.*{title}.*(\\[.*\\])?$",
            "year": "{year}"
        }
    ],
    "play_episode": [
        "plugin://plugin.video.vstream/?site=cHome&function=showSearchText&title=Rechercher+&sCat=2&sFav=showSearchText",
        {
            "keyboard": "{showname}"
        },
        {
            "title": "(?i)^(\\[.*\\])?{showname}(\\[.*\\])?$"
        },
        {
            "return": "true",
            "season": "^{season}$",
            "episode": "^{episode}$"
        },
        {
            "season": "^{season}$"
        },
        {
            "season": "^{season}$",
            "episode": "^{episode}$"
        }
    ],
    "search_movie": [
        "plugin://plugin.video.vstream/?site=cHome&function=showSearchText&title=Rechercher+&sCat=1&sFav=showSearchText",
        {
            "keyboard": "{title}"
        }
    ],
    "search_episode": [
        "plugin://plugin.video.vstream/?site=cHome&function=showSearchText&title=Rechercher+&sCat=2&sFav=showSearchText",
        {
            "keyboard": "{showname}"
        }
    ],
    "is_resolvable": "false"
}