<shortcuts>
	<shortcut>
		<defaultID />
		<label>Anime Chart</label>
		<label2>Extensions Vidéo</label2>
		<icon>DefaultShortcut.png</icon>
		<thumb>thumb</thumb>
		<action>ActivateWindow(Videos,"plugin://plugin.video.themoviedb.helper/?list_name=Latest+Anime&amp;list_slug=latest-anime&amp;user_slug=iamscallywag&amp;plugin_category=Latest+Anime&amp;tmdb_id=None&amp;info=trakt_userlist&amp;sort_by=released&amp;sort_how=desc&amp;extended=full&amp;widget=true&amp;reload=$INFO[Window(Home).Property(TMDbHelper.Widgets.Reload)]",return)</action>
		</shortcut>
	<shortcut>
		<defaultID />
		<label>Films</label>
		<label2>Extensions Vidéo</label2>
		<icon>DefaultShortcut.png</icon>
		<thumb>thumb</thumb>
		<action>ActivateWindow(Videos,"plugin://plugin.video.themoviedb.helper/?list_name=Anime&amp;list_slug=anime&amp;user_slug=moses456&amp;plugin_category=Anime&amp;tmdb_id=None&amp;info=trakt_userlist&amp;sort_by=released&amp;sort_how=desc&amp;extended=full&amp;widget=true&amp;reload=$INFO[Window(Home).Property(TMDbHelper.Widgets.Reload)]",return)</action>
		</shortcut>
	</shortcuts>
