<shortcuts>
	<shortcut>
		<defaultID>31168</defaultID>
		<label>$SKIN[31168|skin.arctic.horizon.2|None]</label>
		<label2>Prédéfini</label2>
		<icon>special://skin/extras/icons/film.png</icon>
		<thumb />
		<action>DefaultSearch-TMDBMovies</action>
		</shortcut>
	<shortcut>
		<defaultID>31169</defaultID>
		<label>$SKIN[31169|skin.arctic.horizon.2|None]</label>
		<label2>Prédéfini</label2>
		<icon>special://skin/extras/icons/tv.png</icon>
		<thumb />
		<action>DefaultSearch-TMDBShows</action>
		</shortcut>
	<shortcut>
		<defaultID>31170</defaultID>
		<label>$SKIN[31170|skin.arctic.horizon.2|None]</label>
		<label2>Prédéfini</label2>
		<icon>special://skin/extras/icons/sets.png</icon>
		<thumb />
		<action>DefaultSearch-TMDBSets</action>
		</shortcut>
	<shortcut>
		<defaultID>31171</defaultID>
		<label>$SKIN[31171|skin.arctic.horizon.2|None]</label>
		<label2>Prédéfini</label2>
		<icon>special://skin/extras/icons/person.png</icon>
		<thumb />
		<action>DefaultSearch-TMDBPeople</action>
		</shortcut>
	</shortcuts>
